variable,count,mean,std,min,25%,50%,75%,max,original
dummy1,1000.0,0.00040757461234666335,0.011774149612601644,-0.0403452373330992,-0.00774544392919195,0.00032286112218299996,0.0085729710011417,0.0409701296190263,-0.0133601950898096
dummy2,1000.0,6.412597032617317e-05,0.010757875502021317,-0.0311802141130508,-0.0073627011227902755,-7.110800698129083e-05,0.007471428489119925,0.0321995838090982,0.0020856488865188
x1,1000.0,0.05145736373064952,3.0644097056115096,-8.415155422211502,-1.974340809434999,-0.03518824848258755,1.9470943751017105,28.20323763024335,28.20323763024335
x2,1000.0,-0.12367703165303795,8.216262469004446,-30.79298230067304,-5.760971050296921,0.06606478829380935,5.390432761596588,75.05046016055252,75.05046016055252
x3,1000.0,-0.04901136584328464,1.9741679423773604,-5.38844372465106,-1.3165157514988817,0.006736250490863601,1.1451615637344386,17.756393282810745,17.756393282810745
